Date,Avg_Temperature_C,Max_Temperature_C,Min_Temperature_C,Humidity_Percent,Wind_Speed_kmh,Atmospheric_Pressure_hPa
2026-06-01,21.3,27.4,14.8,85.2,21.2,1019.2
2026-06-02,25.6,33.8,21.0,76.5,14.0,1015.2
2026-06-03,25.6,30.9,20.9,80.5,4.7,1019.2
2026-06-04,23.4,28.2,17.3,83.0,15.8,1018.7
2026-06-05,24.3,32.6,20.0,85.6,5.2,1013.8
2026-06-06,26.8,31.0,19.7,73.6,12.0,1020.1
2026-06-07,28.3,35.4,22.7,65.7,23.6,1022.4
2026-06-08,29.2,36.0,23.9,63.3,7.6,1013.4
2026-06-09,25.3,31.0,19.6,73.8,11.1,1015.1
2026-06-10,28.4,34.0,24.2,67.1,16.9,1005.3
2026-06-11,30.4,38.3,24.4,69.9,21.3,1006.7
2026-06-12,25.8,30.2,20.8,88.3,15.7,1009.5
2026-06-13,31.5,36.7,24.4,68.0,9.1,1011.3
2026-06-14,32.0,39.7,27.8,67.4,15.8,1008.3
2026-06-15,34.3,41.0,28.8,67.5,9.7,1013.1
2026-06-16,29.2,33.8,23.3,70.5,16.7,1011.4
2026-06-17,29.3,37.7,25.7,73.1,25.4,1018.1
2026-06-18,30.7,36.7,25.7,76.3,16.8,1011.1
2026-06-19,30.6,38.7,24.2,79.2,20.6,1003.0
2026-06-20,31.3,39.2,24.5,79.3,3.4,1013.8
2026-06-21,30.5,37.6,25.7,88.7,16.7,1013.2
2026-06-22,28.5,35.0,21.8,79.2,19.5,1009.4
2026-06-23,31.3,40.2,23.9,89.1,5.0,1013.7
2026-06-24,26.2,30.9,19.3,71.1,20.9,1008.4
2026-06-25,28.4,36.0,24.4,91.5,9.1,1014.7
2026-06-26,31.7,36.7,25.2,67.7,15.6,1025.1
2026-06-27,25.3,31.0,20.5,76.2,18.6,1005.1
2026-06-28,26.4,31.9,18.9,76.2,15.6,1010.9
2026-06-29,29.2,37.9,23.8,72.0,6.3,1010.2
2026-06-30,28.3,37.1,24.3,75.5,14.4,1011.3
2026-07-01,25.3,30.2,18.9,73.8,13.6,1017.8
2026-07-02,26.1,30.2,21.3,84.1,22.1,1015.7
2026-07-03,24.3,31.9,16.8,75.2,11.3,1017.1
2026-07-04,28.8,34.9,21.4,79.5,10.1,1013.4
2026-07-05,25.9,30.3,19.8,89.9,17.4,1007.3
2026-07-06,30.3,37.7,26.3,69.6,11.5,1008.2
2026-07-07,26.4,33.1,20.2,83.5,15.3,1016.6
2026-07-08,25.6,34.5,21.7,82.6,15.3,1014.0
2026-07-09,25.3,30.4,21.7,96.5,21.5,1018.9
2026-07-10,25.3,31.3,18.5,74.4,14.4,1014.6
2026-07-11,26.1,32.8,21.8,83.8,12.8,1007.9
2026-07-12,31.3,39.3,26.3,58.2,7.2,1010.9
2026-07-13,25.1,31.8,17.7,74.7,6.7,1015.8
2026-07-14,25.2,32.3,20.4,81.4,7.4,1016.4
2026-07-15,26.1,31.2,21.4,88.6,7.7,1017.1
2026-07-16,28.5,36.7,21.3,64.8,15.1,1008.5
2026-07-17,23.1,29.2,19.2,87.4,17.2,1007.8
2026-07-18,27.4,32.1,20.9,75.4,13.3,1012.4
2026-07-19,24.8,32.1,17.3,66.9,19.5,1019.7
2026-07-20,28.1,33.2,21.0,76.5,31.5,1010.1
2026-07-21,26.0,30.5,19.9,91.3,19.2,1015.3
2026-07-22,22.3,30.6,17.5,73.1,16.2,1015.3
2026-07-23,28.6,34.9,24.1,73.6,13.3,1016.7
2026-07-24,28.9,36.6,22.1,66.2,12.0,1020.7
2026-07-25,27.2,32.7,20.2,72.4,6.1,1020.3
2026-07-26,27.4,35.3,21.8,87.4,11.3,1010.6
2026-07-27,26.4,31.0,21.9,74.9,22.6,1003.8
2026-07-28,31.4,37.2,27.4,82.3,18.9,1010.2
2026-07-29,32.0,40.9,28.2,79.3,8.5,1013.6
2026-07-30,28.6,36.6,22.2,71.6,12.3,1011.6
2026-07-31,29.8,36.3,24.6,69.0,19.1,1022.1
2026-08-01,31.2,36.9,24.1,64.2,5.7,1013.3
2026-08-02,36.8,45.2,30.3,57.2,11.1,1016.2
2026-08-03,33.4,40.1,29.1,71.5,20.2,1014.2
2026-08-04,30.5,38.3,24.5,72.0,11.3,1011.7
2026-08-05,33.7,41.5,28.5,63.4,6.0,1004.6
2026-08-06,30.3,34.4,24.5,60.0,13.5,1012.9
2026-08-07,35.3,39.9,28.8,67.3,20.5,1027.9
2026-08-08,37.7,45.0,31.0,59.8,14.3,1007.6
2026-08-09,38.0,42.8,31.1,61.6,8.6,1005.1
2026-08-10,36.2,41.5,31.7,67.8,11.0,1022.0
2026-08-11,33.5,42.2,29.9,48.6,12.0,1016.6
2026-08-12,32.1,38.9,25.6,58.0,14.1,1014.1
2026-08-13,32.1,39.9,28.2,88.7,17.6,1019.4
2026-08-14,29.1,35.9,24.3,69.8,6.4,1009.5
2026-08-15,36.9,43.7,33.4,44.4,21.6,1012.8
2026-08-16,35.3,39.8,29.1,54.8,4.0,1017.5
2026-08-17,37.5,43.2,33.3,83.7,10.8,1022.7
2026-08-18,38.7,44.1,32.6,56.7,4.6,1008.0
2026-08-19,35.7,41.7,28.2,75.2,11.2,1019.0
2026-08-20,35.8,43.8,32.0,66.8,13.2,1015.0
2026-08-21,34.3,40.2,30.5,63.8,13.0,1014.0
2026-08-22,34.5,40.8,29.6,73.6,7.6,1013.2
2026-08-23,36.7,42.7,29.7,45.7,15.2,1007.0
2026-08-24,34.6,39.1,30.2,55.8,5.2,1017.6
2026-08-25,34.1,40.3,29.2,63.9,17.7,1009.7
2026-08-26,34.6,39.6,30.8,56.5,24.8,1008.4
2026-08-27,36.4,41.3,29.8,60.5,10.4,1017.2
2026-08-28,32.7,37.2,27.6,76.4,13.1,1016.8
2026-08-29,33.9,39.7,27.4,69.2,10.9,1013.6
