Person_ID,Gender,Height_cm,Weight_kg,BMI,Age,Daily_Calories,Activity_Hours_Per_Week
P2001,Male,177.7,85.9,27.2,59,2675.0,5.8
P2002,Female,163.3,58.9,22.09,59,1917.0,3.3
P2003,Female,161.9,60.8,23.2,53,2204.0,6.9
P2004,Male,181.5,89.5,27.17,37,2509.0,1.7
P2005,Male,180.7,76.7,23.49,21,2553.0,11.0
P2006,Male,178.6,93.1,29.19,24,2739.0,0.5
P2007,Male,179.8,75.1,23.23,18,2577.0,0.4
P2008,Male,175.8,82.8,26.79,61,2458.0,3.8
P2009,Male,170.6,62.6,21.51,62,2456.0,10.0
P2010,Female,161.4,49.9,19.16,59,1888.0,5.8
P2011,Female,163.4,45.6,17.08,64,1783.0,0.3
P2012,Female,167.3,56.0,20.01,30,1805.0,1.1
P2013,Female,170.3,61.3,21.14,39,2236.0,9.3
P2014,Male,176.0,78.3,25.28,38,2389.0,1.0
P2015,Female,158.8,70.7,28.04,39,2606.0,5.3
P2016,Female,160.1,61.5,23.99,45,2208.0,6.1
P2017,Female,156.1,53.1,21.79,26,2292.0,2.4
P2018,Male,179.7,83.5,25.86,43,2765.0,1.7
P2019,Female,159.6,51.8,20.34,26,2084.0,2.1
P2020,Male,173.2,97.3,32.44,32,2827.0,0.9
P2021,Female,163.3,60.8,22.8,27,2530.0,7.7
P2022,Female,175.6,61.7,20.01,41,2093.0,2.1
P2023,Male,176.5,78.0,25.04,59,2541.0,7.5
P2024,Male,175.6,77.8,25.23,25,2397.0,0.4
P2025,Female,158.5,54.1,21.53,41,2014.0,15.6
P2026,Male,168.3,80.2,28.31,33,2255.0,2.0
P2027,Male,180.8,80.7,24.69,43,2330.0,0.2
P2028,Female,160.5,56.4,21.89,44,2289.0,0.1
P2029,Male,170.3,89.2,30.76,54,2348.0,4.8
P2030,Male,178.8,86.1,26.93,21,2523.0,3.8
P2031,Male,181.2,80.4,24.49,41,2727.0,5.7
P2032,Male,184.3,89.4,26.32,36,2763.0,0.4
P2033,Male,183.2,85.7,25.53,53,2522.0,0.1
P2034,Male,185.9,93.7,27.11,56,3062.0,2.5
P2035,Male,192.4,93.8,25.34,27,3104.0,1.7
P2036,Male,177.7,72.8,23.05,42,2479.0,2.2
P2037,Male,172.3,81.2,27.35,35,2081.0,16.7
P2038,Male,184.6,114.0,33.45,36,3145.0,12.4
P2039,Male,175.5,71.3,23.15,53,1997.0,10.0
P2040,Female,168.6,53.6,18.86,27,2538.0,5.4
P2041,Male,180.4,80.1,24.61,50,2778.0,1.5
P2042,Male,177.8,90.9,28.75,22,3046.0,1.9
P2043,Female,162.7,63.2,23.87,64,2410.0,2.8
P2044,Male,182.7,70.9,21.24,52,2379.0,6.2
P2045,Female,157.4,42.0,16.95,61,2014.0,0.2
P2046,Female,177.1,68.6,21.87,51,2314.0,1.9
P2047,Male,189.4,80.0,22.3,50,2756.0,0.3
P2048,Female,159.6,59.4,23.32,38,2455.0,2.5
P2049,Male,177.5,85.9,27.26,34,2655.0,8.0
P2050,Male,166.9,82.0,29.44,39,2440.0,5.3
P2051,Female,168.8,64.8,22.74,54,2903.0,0.9
P2052,Female,158.8,55.3,21.93,32,2446.0,13.1
P2053,Female,161.5,43.5,16.68,52,1802.0,3.9
P2054,Male,175.8,78.3,25.34,45,2436.0,0.0
P2055,Male,184.1,69.3,20.45,24,2618.0,1.0
P2056,Male,177.9,72.0,22.75,49,2304.0,1.1
P2057,Female,165.7,61.8,22.51,28,2412.0,0.3
P2058,Male,175.6,86.2,27.95,27,2825.0,11.3
P2059,Male,167.0,79.7,28.58,26,1879.0,2.3
P2060,Male,171.0,61.3,20.96,31,2314.0,7.9
P2061,Female,161.6,42.0,16.08,30,2090.0,1.4
P2062,Male,178.1,79.8,25.16,42,2475.0,0.5
P2063,Male,185.3,95.1,27.7,19,2802.0,2.3
P2064,Male,165.9,62.1,22.56,52,2477.0,0.4
P2065,Female,167.0,66.4,23.81,24,2425.0,2.3
P2066,Male,185.2,99.8,29.1,38,2723.0,8.9
P2067,Male,175.5,82.4,26.75,35,2715.0,2.6
P2068,Female,172.3,62.9,21.19,20,2365.0,3.4
P2069,Male,179.0,80.2,25.03,59,2516.0,0.6
P2070,Male,172.1,76.1,25.69,56,2251.0,0.2
P2071,Female,158.8,52.0,20.62,58,1911.0,0.4
P2072,Female,156.5,49.4,20.17,28,1927.0,3.2
P2073,Male,179.5,78.5,24.36,56,2598.0,0.3
P2074,Female,163.6,58.2,21.74,41,2283.0,1.7
P2075,Male,179.5,82.4,25.57,63,2293.0,2.8
P2076,Female,170.9,48.7,16.67,36,2314.0,1.7
P2077,Male,197.9,95.4,24.36,21,3020.0,0.6
P2078,Female,166.2,52.9,19.15,43,2115.0,1.1
P2079,Male,181.0,87.4,26.68,55,2301.0,9.2
P2080,Male,171.4,84.1,28.63,59,2467.0,3.9
P2081,Male,175.0,83.4,27.23,49,2772.0,2.4
P2082,Male,169.4,72.6,25.3,56,2581.0,0.0
P2083,Female,177.1,76.3,24.33,62,2331.0,17.1
P2084,Male,178.5,78.6,24.67,63,2847.0,3.9
P2085,Female,164.0,59.0,21.94,53,2578.0,1.3
P2086,Female,166.6,52.1,18.77,57,2079.0,7.4
P2087,Female,168.0,53.4,18.92,54,2092.0,1.0
P2088,Female,174.6,61.6,20.21,50,2221.0,2.7
P2089,Male,178.4,90.9,28.56,53,2589.0,3.5
P2090,Male,174.3,80.9,26.63,20,2761.0,0.9
P2091,Female,173.3,70.0,23.31,26,2525.0,13.4
P2092,Female,165.9,47.2,17.15,25,2342.0,4.8
P2093,Male,169.3,81.7,28.5,50,2715.0,2.9
P2094,Female,167.4,65.8,23.48,23,2733.0,0.7
P2095,Female,167.8,70.3,24.97,58,2232.0,0.2
P2096,Female,161.7,56.4,21.57,56,2353.0,1.4
P2097,Male,168.6,61.2,21.53,21,1900.0,4.9
P2098,Male,164.0,59.7,22.2,30,2053.0,1.1
P2099,Female,174.1,55.5,18.31,19,2251.0,2.7
P2100,Female,161.4,46.0,17.66,22,2236.0,4.6
P2101,Male,171.8,76.8,26.02,61,2501.0,0.4
P2102,Male,171.0,83.8,28.66,44,2492.0,4.0
P2103,Female,173.9,50.3,16.63,49,2126.0,0.3
P2104,Male,171.1,75.2,25.69,38,2776.0,11.7
P2105,Female,171.2,60.8,20.74,25,2253.0,2.3
P2106,Female,163.4,48.7,18.24,55,2534.0,0.6
P2107,Male,164.9,80.4,29.57,25,2724.0,1.5
P2108,Female,151.1,62.8,27.51,20,2445.0,1.9
P2109,Male,181.6,91.4,27.71,61,2458.0,5.0
P2110,Female,167.4,58.9,21.02,20,2494.0,4.8
P2111,Female,166.2,58.2,21.07,39,2200.0,3.3
P2112,Male,180.3,84.0,25.84,23,2369.0,0.4
P2113,Female,157.0,45.1,18.3,19,2244.0,0.6
P2114,Male,168.9,80.6,28.25,40,2290.0,0.3
P2115,Female,159.3,42.0,16.55,61,1952.0,3.0
P2116,Female,166.2,70.5,25.52,19,2444.0,7.3
P2117,Female,168.8,57.5,20.18,55,2734.0,2.0
P2118,Male,164.5,66.5,24.57,34,2261.0,0.6
P2119,Female,162.4,49.2,18.65,52,2099.0,2.9
P2120,Male,180.3,100.0,30.76,51,2946.0,5.8
