Student_ID,Math_Score,Science_Score,English_Score,Study_Hours,Attendance_Rate,Extracurricular_Hours
STU1001,89.0,97.6,93.9,12.3,96.5,8.7
STU1002,73.4,77.8,63.5,9.3,87.7,13.8
STU1003,75.0,95.1,95.4,8.9,70.7,1.0
STU1004,83.0,80.7,40.5,8.9,67.6,10.6
STU1005,99.0,98.0,99.8,19.2,92.3,4.8
STU1006,81.8,98.0,37.0,13.8,69.9,13.9
STU1007,58.7,84.0,99.2,8.0,88.2,14.6
STU1008,76.8,85.0,60.1,12.6,91.8,14.2
STU1009,76.2,97.1,86.5,11.0,89.4,7.4
STU1010,53.1,64.8,30.0,4.1,75.0,13.0
STU1011,60.6,66.8,98.6,6.2,84.0,12.7
STU1012,84.5,97.8,85.5,11.4,85.9,5.1
STU1013,,98.0,37.3,18.4,55.0,12.5
STU1014,80.1,84.4,86.7,9.0,81.7,1.0
STU1015,62.3,77.0,82.1,7.7,91.1,9.1
STU1016,94.9,95.9,78.6,10.4,93.2,3.8
STU1017,68.2,79.8,89.1,7.5,90.6,2.2
STU1018,61.6,82.2,82.2,8.7,81.2,1.6
STU1019,64.6,91.6,84.2,9.9,91.0,10.6
STU1020,61.8,65.7,58.3,6.1,78.2,5.4
STU1021,87.3,98.0,99.2,14.2,96.0,11.0
STU1022,61.6,60.3,94.1,5.6,90.7,1.4
STU1023,59.1,69.4,45.9,5.4,78.7,5.1
STU1024,75.5,92.9,60.2,10.8,80.2,8.3
STU1025,80.7,98.0,89.1,13.7,84.1,12.0
STU1026,64.3,79.8,82.6,10.7,84.7,5.1
STU1027,67.4,81.3,94.2,9.4,91.3,9.6
STU1028,74.5,81.7,96.2,8.7,96.6,13.3
STU1029,67.0,76.0,88.8,8.0,74.8,9.4
STU1030,84.9,98.0,92.2,15.6,80.4,3.9
STU1031,79.6,94.7,84.2,11.4,70.1,0.9
STU1032,69.4,77.1,98.5,8.3,71.6,13.1
STU1033,56.1,78.0,34.0,7.3,83.1,0.8
STU1034,85.6,98.0,30.0,13.0,76.4,13.2
STU1035,94.0,98.0,78.4,,77.4,8.2
STU1036,82.7,98.0,86.2,14.8,77.2,14.1
STU1037,63.1,70.0,93.3,6.7,74.7,12.1
STU1038,71.9,79.8,69.7,8.6,68.2,15.0
STU1039,73.5,87.2,79.2,8.0,97.5,5.6
STU1040,77.5,90.6,96.8,9.1,75.5,11.6
STU1041,78.2,97.2,56.5,14.1,81.7,6.3
STU1042,94.8,98.0,68.9,17.6,88.5,7.5
STU1043,82.9,98.0,46.1,11.6,81.1,9.6
STU1044,67.0,74.8,76.7,7.4,93.3,13.2
STU1045,76.1,90.9,82.9,9.8,75.9,14.8
STU1046,99.0,98.0,90.2,19.1,65.4,11.6
STU1047,78.4,88.5,51.4,10.3,82.5,6.6
STU1048,76.6,92.3,63.8,8.7,64.9,6.6
STU1049,76.4,91.2,99.2,9.0,70.4,11.2
STU1050,84.0,98.0,99.5,11.6,98.2,4.0
STU1051,58.5,80.7,91.5,6.8,86.0,2.1
STU1052,70.7,81.3,70.1,7.9,73.2,5.6
STU1053,85.1,98.0,30.0,14.7,92.1,4.7
STU1054,76.9,89.6,97.1,11.5,65.9,4.8
STU1055,70.9,88.2,83.8,10.4,90.2,3.9
STU1056,93.0,98.0,91.4,15.1,80.8,1.1
STU1057,79.7,84.8,36.9,7.2,88.3,0.8
STU1058,53.3,77.2,66.8,8.5,90.7,14.8
STU1059,83.1,89.2,67.2,11.3,88.8,6.7
STU1060,65.1,97.3,88.6,11.1,77.3,6.1
STU1061,50.8,59.6,90.4,5.1,72.5,10.4
STU1062,74.3,76.3,94.3,8.2,79.6,3.7
STU1063,70.4,90.5,99.0,9.2,55.0,14.3
STU1064,72.1,94.6,64.0,11.9,80.2,11.9
STU1065,71.8,91.8,69.8,11.1,81.7,1.8
STU1066,76.6,91.3,30.0,9.6,82.2,6.6
STU1067,45.1,60.7,30.0,4.1,76.6,13.2
STU1068,73.9,81.2,,9.8,88.3,14.2
STU1069,74.1,87.9,73.6,10.2,64.2,7.3
STU1070,99.0,98.0,47.9,26.7,80.9,9.4
STU1071,85.7,96.9,65.9,9.1,82.1,2.9
STU1072,82.7,93.1,94.9,11.3,86.9,14.9
STU1073,81.4,98.0,89.2,16.2,84.3,3.9
STU1074,88.8,98.0,97.5,13.8,81.6,14.2
STU1075,98.1,98.0,44.6,17.9,76.3,9.9
STU1076,61.2,67.6,83.2,5.2,81.3,9.3
STU1077,53.0,64.2,95.3,6.3,96.8,7.9
STU1078,63.4,78.6,80.0,7.7,98.3,3.8
STU1079,57.0,69.6,82.7,4.8,92.7,3.1
STU1080,80.3,87.5,92.0,10.2,82.9,3.7
STU1081,50.7,65.5,97.8,6.5,79.4,3.2
STU1082,99.0,98.0,80.0,19.0,66.9,11.8
STU1083,57.7,64.0,86.8,6.9,87.1,5.6
STU1084,62.8,70.2,73.4,8.6,74.7,1.3
STU1085,99.0,98.0,86.8,14.1,60.9,14.6
STU1086,59.3,69.6,65.6,5.6,81.8,13.3
STU1087,43.4,63.0,85.6,4.7,97.8,14.0
STU1088,82.9,98.0,85.2,10.8,65.7,14.9
STU1089,93.1,98.0,62.3,11.1,85.4,3.0
STU1090,95.6,98.0,90.7,13.9,86.3,6.2
STU1091,71.1,90.4,97.4,12.5,82.1,11.5
STU1092,74.3,83.7,99.5,11.3,88.8,10.6
STU1093,72.2,80.6,74.7,7.3,68.8,2.7
STU1094,71.5,86.0,82.6,11.0,78.4,12.3
STU1095,81.3,95.2,78.1,11.3,83.2,3.8
STU1096,67.8,73.1,95.7,7.1,70.5,3.7
STU1097,99.0,98.0,97.4,21.5,72.2,8.3
STU1098,80.9,98.0,99.7,12.2,81.2,9.1
STU1099,34.6,59.2,92.2,6.3,76.0,8.9
STU1100,80.5,98.0,84.0,14.0,79.8,1.8
